{"session_file":"27632528032","phone":"27632528032","app_id":4,"app_hash":"014b35b6184100b085b0d0572f9b5103","sdk":"SDK 33","app_version":"9.6.7","device":"GooglePixel7Pro","lang_pack":"android","system_lang_pack":"en-US","username":"DeniseYcGh0Ye91SUbQL5rc","ipv6":false,"first_name":"Sabra","last_name":"Eckles","register_time":null,"sex":null,"last_check_time":1687602434,"device_token":"__FIREBASE_FAILED__","tz_offset":28800,"perf_cat":2,"avatar":"img/default.png","proxy":null,"twoFA":"","block":false}