{"session_file":"27632334502","phone":"27632334502","app_id":4,"app_hash":"014b35b6184100b085b0d0572f9b5103","sdk":"SDK 31","app_version":"9.6.7","device":"OnePlusNE2210","lang_pack":"android","system_lang_pack":"en-US","username":"ReneeaCGetmzuu822Vb","ipv6":false,"first_name":"Daren","last_name":"Sonntag","register_time":null,"sex":null,"last_check_time":1687602433,"device_token":"__FIREBASE_FAILED__","tz_offset":28800,"perf_cat":2,"avatar":"img/default.png","proxy":null,"twoFA":"","block":false}