{"session_file":"27663624063","phone":"27663624063","app_id":4,"app_hash":"014b35b6184100b085b0d0572f9b5103","sdk":"SDK 33","app_version":"9.6.7","device":"SamsungSM-S918U","lang_pack":"android","system_lang_pack":"en-US","username":"Sachaw9Z4ujfIij0PQ9lSO","ipv6":false,"first_name":"Casey","last_name":"Snowden","register_time":null,"sex":null,"last_check_time":1687602433,"device_token":"__FIREBASE_FAILED__","tz_offset":28800,"perf_cat":2,"avatar":"img/default.png","proxy":null,"twoFA":"","block":false}