{"session_file":"27724140880","phone":"27724140880","app_id":4,"app_hash":"014b35b6184100b085b0d0572f9b5103","sdk":"SDK 31","app_version":"9.6.7","device":"OnePlusCPH2423","lang_pack":"android","system_lang_pack":"en-US","username":"TracyeevHM2yOx9bAhsQ6g","ipv6":false,"first_name":"Billie","last_name":"Lomas","register_time":null,"sex":null,"last_check_time":1687607807,"device_token":"__FIREBASE_FAILED__","tz_offset":28800,"perf_cat":2,"avatar":"img/default.png","proxy":null,"twoFA":"","block":false}