{"session_file":"27766543209","phone":"27766543209","app_id":4,"app_hash":"014b35b6184100b085b0d0572f9b5103","sdk":"SDK 29","app_version":"9.6.7","device":"SamsungSM-G988Q","lang_pack":"android","system_lang_pack":"en-US","username":"Harley0wOBuuwWld3w53A","ipv6":false,"first_name":"Billy","last_name":"Rotz","register_time":null,"sex":null,"last_check_time":1687607806,"device_token":"__FIREBASE_FAILED__","tz_offset":28800,"perf_cat":2,"avatar":"img/default.png","proxy":null,"twoFA":"","block":false}