{"session_file":"27847968555","phone":"27847968555","app_id":4,"app_hash":"014b35b6184100b085b0d0572f9b5103","sdk":"SDK 30","app_version":"9.6.2","device":"SamsungSM-G781U1","lang_pack":"android","system_lang_pack":"en-US","username":"Peg706798318777216853","ipv6":false,"first_name":"Viva","last_name":"Crayton","register_time":null,"sex":null,"last_check_time":1687307801,"device_token":"__FIREBASE_FAILED__","tz_offset":28800,"perf_cat":2,"avatar":"img/default.png","proxy":null,"twoFA":"","block":false}