{"session_file":"27848643121","phone":"27848643121","app_id":4,"app_hash":"014b35b6184100b085b0d0572f9b5103","sdk":"SDK 30","app_version":"9.6.2","device":"SamsungSM-G9960","lang_pack":"android","system_lang_pack":"en-US","username":"Estra6292123591394494655","ipv6":false,"first_name":"Terrell Dunkin","last_name":"","register_time":null,"sex":null,"last_check_time":1687307821,"device_token":"__FIREBASE_FAILED__","tz_offset":28800,"perf_cat":2,"avatar":"img/default.png","proxy":null,"twoFA":"","block":false}