{"session_file":"27848636772","phone":"27848636772","app_id":4,"app_hash":"014b35b6184100b085b0d0572f9b5103","sdk":"SDK 30","app_version":"9.6.2","device":"OnePlusMT2110","lang_pack":"android","system_lang_pack":"en-US","username":"Beloved41565413567","ipv6":false,"first_name":"Manuel Bass","last_name":"","register_time":null,"sex":null,"last_check_time":1687307821,"device_token":"__FIREBASE_FAILED__","tz_offset":28800,"perf_cat":2,"avatar":"img/default.png","proxy":null,"twoFA":"","block":false}