{"session_file":"27847934286","phone":"27847934286","app_id":4,"app_hash":"014b35b6184100b085b0d0572f9b5103","sdk":"SDK 31","app_version":"9.6.2","device":"OnePlusCPH2417","lang_pack":"android","system_lang_pack":"en-US","username":"Frederick42418","ipv6":false,"first_name":"Nelda Goodwin","last_name":"","register_time":null,"sex":null,"last_check_time":1687307819,"device_token":"__FIREBASE_FAILED__","tz_offset":28800,"perf_cat":2,"avatar":"img/default.png","proxy":null,"twoFA":"","block":false}